__header__,"b'MATLAB 5.0 MAT-file, Platform: PCWIN64, Created on: Fri May 22 01:11:51 2020'"
__version__,1.0
__globals__,[]
hyp,"[[1]
 [1]
 [1]
 [1]
 [1]
 [1]
 [1]
 [1]
 [1]
 [1]
 [1]
 [1]
 [1]
 [1]
 [1]
 [1]
 [1]
 [1]
 [1]
 [1]
 [3]
 [3]
 [3]
 [3]
 [3]
 [3]
 [3]
 [3]
 [3]
 [3]
 [3]
 [3]
 [3]
 [3]
 [3]
 [3]
 [3]
 [3]
 [3]
 [3]
 [3]
 [3]
 [3]
 [3]
 [3]
 [3]
 [3]
 [1]
 [1]
 [1]
 [1]
 [1]
 [1]
 [1]
 [1]
 [1]
 [1]
 [1]
 [1]
 [3]
 [3]
 [3]
 [3]
 [3]
 [3]
 [3]
 [3]
 [3]
 [3]
 [3]
 [3]
 [3]
 [3]
 [3]
 [3]
 [3]
 [3]
 [3]
 [3]
 [3]
 [3]
 [3]
 [3]
 [3]
 [3]
 [3]
 [3]
 [3]
 [3]
 [3]
 [3]
 [3]
 [3]
 [3]
 [3]
 [3]
 [3]
 [3]
 [3]
 [3]
 [3]
 [3]
 [3]
 [3]
 [3]
 [3]
 [1]
 [1]
 [1]
 [1]
 [1]
 [1]
 [1]
 [3]
 [3]
 [3]
 [3]
 [3]
 [3]
 [3]
 [3]
 [1]
 [1]
 [1]
 [1]
 [1]
 [1]
 [1]
 [1]
 [3]
 [3]
 [3]
 [3]
 [1]
 [1]
 [3]
 [3]
 [3]
 [3]
 [1]
 [3]
 [1]
 [3]
 [3]
 [3]
 [3]
 [3]
 [3]
 [3]
 [3]
 [3]
 [3]
 [3]
 [3]
 [3]
 [3]
 [3]
 [3]
 [3]
 [3]
 [3]
 [3]
 [1]
 [1]
 [3]
 [1]
 [1]
 [1]
 [3]
 [3]
 [3]
 [3]
 [3]
 [3]
 [3]
 [3]
 [3]
 [2]
 [2]
 [2]
 [2]
 [2]
 [3]
 [3]
 [1]
 [3]
 [3]
 [3]
 [3]
 [3]
 [3]
 [2]
 [2]
 [2]
 [2]
 [2]
 [2]
 [2]
 [2]
 [2]
 [2]
 [2]
 [2]
 [2]
 [2]
 [2]
 [2]
 [2]
 [2]
 [2]
 [1]
 [3]
 [3]
 [3]
 [3]
 [3]
 [3]
 [3]
 [3]
 [3]
 [3]
 [3]
 [3]
 [3]
 [3]
 [3]
 [3]
 [3]
 [3]
 [3]
 [3]
 [3]
 [3]
 [3]
 [3]
 [3]
 [3]
 [3]
 [3]
 [3]
 [3]
 [3]
 [3]
 [3]
 [3]
 [3]
 [3]
 [3]
 [3]
 [3]
 [3]
 [3]
 [3]
 [3]
 [3]
 [3]
 [3]
 [3]
 [3]
 [3]
 [3]
 [3]
 [3]
 [3]
 [3]
 [3]
 [3]
 [3]
 [3]
 [3]
 [3]
 [3]
 [3]
 [3]
 [3]
 [3]
 [3]
 [3]
 [3]
 [3]
 [3]
 [3]
 [3]
 [3]
 [3]
 [3]
 [3]
 [3]
 [3]
 [3]
 [3]
 [3]
 [3]
 [3]
 [3]
 [3]
 [3]
 [3]
 [3]
 [3]
 [3]
 [3]
 [1]
 [3]
 [3]
 [3]
 [3]
 [3]
 [3]
 [3]
 [3]
 [3]
 [3]
 [3]
 [3]
 [3]
 [3]
 [3]
 [3]
 [3]
 [3]
 [3]
 [3]
 [3]
 [3]
 [3]
 [2]
 [2]
 [2]
 [2]
 [2]
 [2]
 [2]
 [2]
 [2]
 [2]
 [2]
 [2]
 [2]
 [2]
 [2]
 [2]
 [2]
 [2]
 [2]
 [2]
 [2]
 [2]
 [2]
 [2]
 [2]
 [2]
 [2]
 [2]
 [2]
 [2]
 [2]
 [2]
 [2]
 [2]
 [2]
 [2]
 [2]
 [2]
 [2]
 [2]
 [2]
 [2]
 [2]
 [3]
 [3]
 [3]
 [3]
 [3]
 [3]
 [3]
 [2]
 [2]
 [2]
 [2]
 [2]
 [2]
 [2]
 [2]
 [2]
 [2]
 [2]
 [2]
 [2]
 [2]
 [2]
 [3]
 [3]
 [3]
 [3]
 [3]
 [3]
 [3]
 [3]
 [3]
 [3]
 [3]
 [3]
 [3]
 [3]
 [3]
 [3]
 [3]
 [3]
 [3]
 [3]
 [3]
 [3]
 [1]
 [3]
 [3]
 [3]
 [3]
 [3]
 [3]
 [3]
 [3]
 [3]
 [3]
 [3]
 [3]
 [3]
 [3]
 [3]
 [3]
 [1]
 [3]
 [3]
 [3]
 [3]
 [3]
 [1]
 [3]
 [3]
 [3]
 [3]
 [3]
 [3]
 [3]
 [3]
 [3]
 [3]
 [3]
 [3]
 [3]
 [3]
 [3]
 [3]
 [3]
 [3]
 [3]
 [3]
 [3]
 [3]
 [3]
 [3]
 [3]
 [3]
 [3]
 [3]
 [3]
 [3]
 [3]
 [3]
 [3]
 [3]
 [3]
 [3]
 [3]
 [3]
 [3]
 [3]
 [3]
 [3]
 [3]
 [3]
 [3]
 [3]
 [3]
 [3]
 [3]
 [3]
 [4]
 [3]
 [3]
 [3]
 [3]
 [3]
 [3]
 [3]
 [3]
 [3]
 [3]
 [1]
 [3]
 [3]
 [3]
 [3]
 [2]
 [3]
 [3]
 [3]
 [3]
 [3]
 [3]
 [3]
 [3]
 [3]
 [3]
 [2]
 [2]
 [2]
 [2]
 [2]
 [2]
 [2]
 [2]
 [2]
 [2]
 [2]
 [2]
 [2]
 [2]
 [2]
 [2]
 [2]
 [2]
 [2]
 [2]
 [2]
 [2]
 [2]
 [2]
 [2]
 [2]
 [2]
 [3]
 [3]
 [3]
 [3]
 [3]
 [3]
 [3]
 [3]
 [3]
 [3]
 [3]
 [3]
 [3]
 [3]
 [3]
 [3]
 [3]
 [2]
 [2]
 [2]
 [2]
 [2]
 [2]
 [2]
 [2]
 [2]
 [2]
 [2]
 [2]
 [2]
 [1]
 [3]
 [2]
 [2]
 [2]
 [2]
 [2]
 [2]
 [2]
 [3]
 [3]
 [3]
 [3]
 [3]
 [3]
 [3]
 [2]
 [2]
 [3]
 [3]
 [3]
 [3]
 [3]
 [3]
 [3]
 [3]
 [3]
 [3]
 [3]
 [3]
 [3]
 [3]
 [3]
 [1]
 [1]
 [3]
 [3]
 [1]
 [3]
 [3]
 [3]
 [3]
 [3]
 [3]
 [3]
 [3]
 [3]
 [3]
 [3]
 [3]
 [3]
 [3]
 [3]
 [3]
 [2]
 [2]
 [2]
 [2]
 [2]
 [2]
 [2]
 [2]
 [2]
 [2]
 [9]
 [2]
 [2]
 [2]
 [2]
 [2]
 [2]
 [2]
 [2]
 [2]
 [2]
 [2]
 [2]
 [2]
 [2]
 [2]
 [2]
 [2]
 [2]
 [2]
 [9]
 [2]
 [2]
 [2]
 [2]
 [2]
 [2]
 [2]
 [2]
 [2]
 [2]
 [2]
 [2]
 [9]
 [2]
 [2]
 [2]
 [2]
 [2]
 [2]
 [2]
 [2]
 [2]
 [2]
 [2]
 [2]
 [2]
 [2]
 [2]
 [2]
 [2]
 [2]
 [2]
 [2]
 [2]
 [9]
 [3]
 [3]
 [3]
 [3]
 [3]
 [3]
 [2]
 [2]
 [3]
 [3]
 [3]
 [3]
 [3]
 [3]
 [3]
 [3]
 [3]
 [3]
 [3]
 [3]
 [3]
 [3]
 [3]
 [3]
 [3]
 [3]
 [3]
 [3]
 [3]
 [3]
 [3]
 [3]
 [3]
 [3]
 [3]
 [3]
 [3]
 [3]
 [3]
 [3]
 [3]
 [3]
 [3]
 [3]
 [3]
 [3]
 [3]
 [3]
 [3]
 [3]
 [3]
 [3]
 [3]
 [3]
 [3]
 [3]
 [3]
 [3]
 [3]
 [3]
 [3]
 [3]
 [3]
 [3]
 [3]
 [3]
 [3]
 [3]
 [3]
 [3]
 [3]
 [3]
 [3]
 [3]
 [3]
 [3]
 [3]
 [1]
 [3]
 [3]
 [3]
 [3]
 [3]
 [3]
 [1]
 [1]
 [3]
 [3]
 [3]
 [3]
 [3]
 [3]
 [3]
 [3]
 [1]
 [3]
 [3]
 [3]
 [3]
 [3]
 [3]
 [3]
 [3]
 [3]
 [3]
 [3]
 [3]
 [3]
 [3]
 [3]
 [3]
 [3]
 [3]
 [3]
 [3]
 [3]
 [3]
 [3]
 [3]
 [3]
 [3]
 [3]
 [3]
 [3]
 [3]
 [1]
 [1]
 [3]
 [3]
 [3]
 [3]
 [3]
 [3]
 [3]
 [3]
 [3]
 [3]
 [3]
 [3]
 [3]
 [3]
 [3]
 [3]
 [3]
 [3]
 [3]
 [2]
 [2]
 [2]
 [9]
 [2]
 [2]
 [2]
 [2]
 [2]
 [2]
 [2]
 [2]
 [2]
 [2]
 [2]
 [2]
 [2]
 [2]
 [2]
 [2]
 [2]
 [2]
 [1]
 [1]
 [1]
 [1]
 [1]
 [1]
 [1]
 [1]
 [1]
 [1]
 [1]
 [1]
 [1]
 [1]
 [1]
 [1]
 [1]
 [1]
 [1]
 [1]
 [3]
 [3]
 [3]
 [3]
 [3]
 [3]
 [3]
 [3]
 [3]
 [3]
 [3]
 [3]
 [3]
 [3]
 [3]
 [3]
 [3]
 [3]
 [3]
 [3]
 [3]
 [3]
 [3]
 [3]
 [3]
 [3]
 [3]
 [1]
 [3]
 [3]
 [3]
 [3]
 [3]
 [1]
 [1]
 [1]
 [1]
 [1]
 [1]
 [1]
 [1]
 [1]
 [1]
 [1]
 [1]
 [1]
 [1]
 [1]
 [1]
 [1]
 [1]
 [1]
 [1]
 [1]
 [1]
 [1]
 [1]
 [1]
 [1]
 [1]
 [1]
 [1]
 [1]
 [1]
 [1]
 [1]
 [1]
 [1]
 [1]
 [1]
 [1]
 [1]
 [1]
 [1]
 [1]
 [1]
 [1]
 [1]
 [1]
 [1]
 [1]
 [1]
 [1]
 [1]
 [1]
 [1]
 [1]
 [1]
 [1]
 [1]
 [1]
 [1]
 [1]
 [1]
 [1]]"
xx,"[[-27.48083028]
 [ 11.56166056]
 [-26.05592186]
 ...
 [ 39.01489621]
 [ 46.51941392]
 [ 42.62466422]]"
